Row,RMS,Prcntg_of_whole,Rel_iid
Avar,5.01592362806954,100,1
Dvar,2.59848441192076,26.8372740513818,0.537193141979285
Svar,4.28674951213858,73.0389268413806,1.46199686755057
Evar,0.176485760929185,0.123799107237789,1.48558928685347
A_{G}-var,0.414871292726872,0.684108424318113,1539.23027254727
D_{G}-var,0.0630315277834415,0.015791152839608,71.1188218169698
S_{G}-var,0.408046436560729,0.661785653967491,2980.49271535701
E_{G}-var,0.0405379037968581,0.00653161751101622,17635.2105209235
