Row,RMS,Prcntg_of_whole,Rel_iid
Avar,4.86430348101242,100,1
Dvar,2.62933987152268,29.2181106420065,0.584849587496376
Svar,4.08785250100272,70.6234792518435,1.41364762472414
Evar,0.193603009936558,0.158410106150401,1.90092127380481
A_{G}-var,0.271599244042395,0.311756694926066,719.36298570715
D_{G}-var,0.046983118216512,0.00932915586650445,43.0890289324418
S_{G}-var,0.265080531387044,0.296971204234977,1371.6354399573
E_{G}-var,0.0359311542622314,0.00545633482458481,15108.2637491859
