Row,RMS,Prcntg_of_whole,Rel_iid
Avar,5.015673,100,1
Dvar,2.598355,26.83728,0.5371932
Svar,4.286534,73.0389,1.461996
Evar,0.1764849,0.1238103,1.485723
gAvar,0.4148712,0.6841764,1539.383
gDvar,0.06303154,0.01579274,71.12596
gSvar,0.4080462,0.661851,2980.787
gEvar,0.04053788,0.006532264,17636.96
