Row,RMS,Prcntg_of_whole,Rel_iid
Avar,6.071194,100,1
Dvar,3.646553,36.07587,0.7221191
Svar,4.850754,63.83668,1.277798
Evar,0.1777679,0.08573509,1.028821
gAvar,0.4757405,0.6140335,1417.773
gDvar,0.1435184,0.05588132,258.2696
gSvar,0.4532729,0.5574055,2576.19
gEvar,0.01659657,0.0007472885,2070.542
