Row,RMS,Prcntg_of_whole,Rel_iid
Avar,3.142184,100,1
Dvar,2.217734,49.8145,0.997121
Svar,2.224389,50.11389,1.003114
Evar,0.0840771,0.07159659,0.8591591
gAvar,0.09294436,0.08749494,200.7169
gDvar,0.03159268,0.01010904,46.41975
gSvar,0.087326,0.07723675,354.6639
gEvar,0.003835543,0.0001490015,410.1784
