Row,RMS,Prcntg_of_whole,Rel_iid
Avar,4.864048,100,1
Dvar,2.629203,29.21815,0.5848503
Svar,4.087646,70.62374,1.413653
Evar,0.1936024,0.1584257,1.901109
gAvar,0.2715991,0.311789,719.4376
gDvar,0.04698314,0.009330146,43.0936
gSvar,0.2650805,0.2970024,1371.78
gEvar,0.03593093,0.005456839,15109.66
