Row,RMS,Prcntg_of_whole,Rel_iid
Avar,3.437392,100,1
Dvar,2.405688,48.9802,0.980421
Svar,2.45354,50.94811,1.019812
Evar,0.09203694,0.07169125,0.860295
gAvar,0.1199667,0.1218045,274.0576
gDvar,0.03722948,0.01173048,52.83071
gSvar,0.1137541,0.1095155,493.2266
gEvar,0.008124899,0.0005586988,1508.473
