Row,RMS,Prcntg_of_whole,Rel_iid
Avar,3.379838,100,1
Dvar,2.381517,49.6496,0.9938203
Svar,2.396697,50.28455,1.00653
Evar,0.08675123,0.0658809,0.7905709
gAvar,0.07669563,0.05149315,118.8179
gDvar,0.0272214,0.006486778,29.9608
gSvar,0.07162169,0.04490528,207.4062
gEvar,0.003398994,0.0001011368,280.0416
