Row,RMS,Prcntg_of_whole,Rel_iid
Avar,5.196472,100,1
Dvar,2.358141,20.59313,0.4122061
Svar,4.627137,79.28802,1.587083
Evar,0.1794957,0.1193139,1.431767
gAvar,0.2225692,0.1834479,420.8369
gDvar,0.0399128,0.005899392,27.08945
gSvar,0.2181049,0.1761626,808.9221
gEvar,0.01934357,0.001385658,3814.507
